0,1,2,3,4,5,6,7,8
0.0,-0.014156341552734375,0.040920257568359375,0.5141563415527344,-0.20762025756835945,0.5,-0.16670000000000007,-0.03,0.0
0.11588835716247559,-0.01770412808853472,0.035394324708161715,0.5116041280885347,-0.2029943247081617,0.4939,-0.16759999999999997,-0.03,0.01
0.21617603302001953,-0.01885821320210917,0.03392683813370898,0.5051582132021091,-0.20242683813370907,0.48629999999999995,-0.1685000000000001,-0.03,0.01
0.31638669967651367,-0.019307017055961585,0.03338492221840573,0.4981070170559617,-0.20258492221840574,0.4788000000000001,-0.16920000000000002,-0.03,0.01
0.41669321060180664,-0.01635990321347083,0.029026246260090288,0.48765990321347064,-0.19872624626009025,0.47129999999999983,-0.16969999999999996,-0.05,0.08
0.5168201923370361,-0.015999511087257626,0.030034046742516057,0.4797995110872576,-0.20023404674251596,0.4638,-0.1701999999999999,-0.05,0.08
0.6171286106109619,-0.015865982144185428,0.030422868704596852,0.4721659821441856,-0.20102286870459693,0.45630000000000015,-0.17060000000000008,-0.05,0.08
0.7174050807952881,0.011940292821616225,0.017283352037455072,0.43695970717838384,-0.1882833520374551,0.4489000000000001,-0.17100000000000004,-0.13,0.29
0.817805290222168,0.01945735012437967,0.020307939241057338,0.42194264987562013,-0.19160793924105735,0.4413999999999998,-0.1713,-0.13,0.29
0.918391227722168,0.02230670886012689,0.021478265170705318,0.4116932911398733,-0.19307826517070528,0.43400000000000016,-0.17159999999999997,-0.13,0.29
1.0185222625732422,0.08510171893737205,-0.004663557840340109,0.3413982810626278,-0.16723644215965983,0.4264999999999999,-0.17189999999999994,-0.22,0.52
1.1187937259674072,0.1055417432384004,-0.005819236392262547,0.31355825676159943,-0.16628076360773736,0.4190999999999998,-0.17209999999999992,-0.22,0.52
1.2191073894500732,0.11331076833279544,-0.00625047977478925,0.29838923166720477,-0.16604952022521063,0.4117000000000002,-0.1722999999999999,-0.22,0.52
1.3345813751220703,0.19626368714983886,-0.037014123237289275,0.20803631285016125,-0.13538587676271083,0.4043000000000001,-0.1724000000000001,-0.27,0.6
1.4349467754364014,0.22708672937012217,-0.0485854060475245,0.16991327062987763,-0.12391459395247559,0.3969999999999998,-0.1725000000000001,-0.27,0.6
1.5352699756622314,0.23880583797374133,-0.052988081336903727,0.15079416202625884,-0.11951191866309638,0.38960000000000017,-0.1725000000000001,-0.26,0.52
1.6385161876678467,0.3186029351866754,-0.09313757416525063,0.06369706481332449,-0.07936242583474946,0.38229999999999986,-0.1725000000000001,-0.26,0.52
1.7513928413391113,0.3480168914433585,-0.10653356078307513,0.026883108556641278,-0.06586643921692498,0.3748999999999998,-0.1724000000000001,-0.26,0.52
1.8531789779663086,0.36026664385096513,-0.11378376597384199,0.007333356149034798,-0.05851623402615791,0.3675999999999999,-0.1722999999999999,-0.26,0.52
1.9672386646270752,0.42621907611869736,-0.15093716083286784,-0.0659190761186973,-0.021262839167132064,0.36030000000000006,-0.1721999999999999,-0.24,0.41
2.0675578117370605,0.4533567259887477,-0.1719160222753377,-0.10025672598874774,-8.397772466223197e-05,0.35309999999999997,-0.17199999999999993,-0.24,0.41
2.1785693168640137,0.4627144077260339,-0.17824805596520735,-0.11691440772603379,0.006548055965207383,0.3458000000000001,-0.17169999999999996,-0.18,0.26
2.3055403232574463,0.5143115459155614,-0.2146702707430463,-0.17571154591556137,0.04327027074304629,0.3386,-0.1714,-0.18,0.26
2.405820608139038,0.5356563141162739,-0.23106473901991784,-0.20425631411627398,0.060064739019917796,0.3313999999999999,-0.17100000000000004,-0.18,0.26
2.5062732696533203,0.5437535604235737,-0.2372739338155787,-0.21955356042357388,0.06667393381557862,0.3241999999999998,-0.17060000000000008,-0.18,0.26
2.6218345165252686,0.5672057885722027,-0.2578534832468306,-0.25020578857220255,0.08775348324683069,0.31700000000000017,-0.17009999999999992,-0.1,0.08
2.7220425605773926,0.5801911852353324,-0.27401925744510214,-0.2702911852353326,0.10441925744510216,0.30989999999999984,-0.16959999999999997,-0.1,0.08
2.822331428527832,0.5832677734746173,-0.29032984585031535,-0.2804677734746174,0.12132984585031531,0.30279999999999996,-0.16900000000000004,-0.02,-0.08
2.935847759246826,0.5873919352303071,-0.30303814937701457,-0.291691935230307,0.13463814937701446,0.2957000000000001,-0.1684000000000001,-0.02,-0.08
3.038456916809082,0.5890396602350024,-0.3075356080555747,-0.30033966023500247,0.13983560805557477,0.28869999999999996,-0.16769999999999996,-0.02,-0.08
3.138834238052368,0.5681658267362744,-0.3074573036397251,-0.2864658267362745,0.14055730363972507,0.28169999999999984,-0.16690000000000005,0.06,-0.23
3.238954782485962,0.5632767531950449,-0.3131307720528272,-0.2885767531950447,0.14703077205282727,0.27470000000000017,-0.16609999999999991,0.06,-0.23
3.3545854091644287,0.5258450264378819,-0.30295392679372846,-0.2580450264378821,0.13775392679372844,0.2677999999999998,-0.1652,0.14,-0.33
3.4700939655303955,0.5151330612124023,-0.30346113405649483,-0.2542330612124024,0.13926113405649493,0.2608999999999999,-0.1641999999999999,0.14,-0.33
3.576765537261963,0.5106044061022991,-0.3025623522302582,-0.25660440610229907,0.13936235223025817,0.254,-0.1632,0.14,-0.33
3.686075448989868,0.4633767660584041,-0.28250543151750196,-0.21617676605840425,0.12040543151750205,0.24719999999999986,-0.1620999999999999,0.18,-0.39
3.8082518577575684,0.44794780681236396,-0.27924761051804114,-0.2075478068123638,0.1183476105180411,0.24040000000000017,-0.16090000000000004,0.18,-0.39
3.92379093170166,0.39005957949628717,-0.2516929812709135,-0.15635957949628737,0.09209298127091353,0.2336999999999998,-0.15959999999999996,0.2,-0.39
4.03963565826416,0.368982455648029,-0.24127768261719323,-0.14188245564802893,0.08297768261719313,0.22710000000000008,-0.1583000000000001,0.2,-0.39
4.15519905090332,0.36095894459430006,-0.23728236326852606,-0.1405589445942999,0.08038236326852602,0.22040000000000015,-0.15690000000000004,0.2,-0.39
4.255373954772949,0.30425578813310056,-0.20571887108357945,-0.09035578813310036,0.050318871083579464,0.2139000000000002,-0.15539999999999998,0.2,-0.38
4.356144666671753,0.28274722202505576,-0.19342856976263786,-0.07534722202505595,0.03952856976263794,0.2073999999999998,-0.15389999999999993,0.2,-0.38
4.466116428375244,0.22533437433162917,-0.16218085063523652,-0.024334374331629105,0.009980850635236627,0.20100000000000007,-0.1521999999999999,0.18,-0.32
4.588912725448608,0.20352800729273676,-0.14932072202928331,-0.008928007292736878,-0.0011792779707167633,0.19459999999999988,-0.15050000000000008,0.18,-0.32
4.709465742111206,0.19510002083242847,-0.14416879639280256,-0.0067000208324283494,-0.004531203607197498,0.18840000000000012,-0.14870000000000005,0.18,-0.32
4.809784650802612,0.14983484388155657,-0.11706635967240753,0.032365156118443345,-0.029733640327592514,0.18219999999999992,-0.14680000000000004,0.12,-0.23
4.910176753997803,0.13034726747817701,-0.10334305008420737,0.04575273252182291,-0.04145694991579267,0.17609999999999992,-0.14480000000000004,0.12,-0.23
5.041273593902588,0.12430287244546531,-0.10075684311640692,0.04579712755453483,-0.041943156883593125,0.17010000000000014,-0.14270000000000005,0.12,-0.23
5.141611337661743,0.09307258254615351,-0.08208451170865927,0.07112741745384661,-0.05851548829134079,0.16420000000000012,-0.14060000000000006,0.06,-0.12
5.241980314254761,0.07891822836623605,-0.07079792319166207,0.07948177163376383,-0.06750207680833802,0.15839999999999987,-0.1383000000000001,0.06,-0.12
5.34228253364563,0.0735351265812676,-0.06650387778666338,0.07916487341873224,-0.06949612221333652,0.15269999999999984,-0.1359999999999999,0.06,-0.12
5.457721948623657,0.054259951563783514,-0.058616025419009926,0.0929400484362167,-0.07488397458099003,0.14720000000000022,-0.13349999999999995,0.0,-0.03
5.5580363273620605,0.0443154907412714,-0.051508813572952415,0.09748450925872854,-0.07949118642704758,0.14179999999999993,-0.131,0.0,-0.03
5.658352613449097,0.040535082952546334,-0.048807296695871784,0.09596491704745351,-0.07959270330412829,0.13649999999999984,-0.12840000000000007,0.0,-0.03
5.761978626251221,0.03267064319345867,-0.047594956885641894,0.09872935680654152,-0.07800504311435805,0.13140000000000018,-0.12559999999999993,-0.05,0.04
5.874399662017822,0.02754426848547201,-0.044243277635223226,0.09895573151452805,-0.07855672236477679,0.12650000000000006,-0.12280000000000002,-0.05,0.04
5.976302862167358,0.0281620412880834,-0.04901856906261566,0.09353795871191674,-0.07088143093738423,0.12170000000000014,-0.1198999999999999,-0.09,0.11
6.090266704559326,0.02643930213453498,-0.04762386971562349,0.09076069786546499,-0.06927613028437651,0.11719999999999997,-0.1169,-0.09,0.11
6.21272087097168,0.03842217786189066,-0.05566546023233534,0.07477782213810931,-0.05773453976766461,0.11319999999999997,-0.11339999999999995,-0.12,0.16
6.312870025634766,0.04257368873610444,-0.057728454231070495,0.06712631126389569,-0.05147154576892947,0.10970000000000013,-0.10919999999999996,-0.12,0.16
6.413259744644165,0.04413894055314227,-0.05849563600493313,0.06266105944685751,-0.04580436399506693,0.10679999999999978,-0.10430000000000006,-0.12,0.16
6.513411998748779,0.0623785666693484,-0.07152264174657204,0.042121433330651416,-0.02727735825342796,0.10449999999999982,-0.0988,-0.14,0.18
6.613412618637085,0.06856049579202828,-0.07572471200916729,0.034239504207971505,-0.016875287990832724,0.10279999999999978,-0.09260000000000002,-0.14,0.18
6.713604927062988,0.07090118374367459,-0.0773096359493541,0.030698816256325326,-0.008490364050646002,0.10159999999999991,-0.0858000000000001,-0.14,0.18
6.813886404037476,0.0927067661373561,-0.09130147070512738,0.008293233862643884,0.012901470705127357,0.10099999999999998,-0.07840000000000003,-0.13,0.18
6.9295830726623535,0.10063563153562868,-0.09558634414952757,0.0002643684643715283,0.025186344149527556,0.10090000000000021,-0.07040000000000002,-0.13,0.18
7.02993369102478,0.12459012210442355,-0.10912053656599588,-0.023190122104423616,0.0473205365659958,0.10139999999999993,-0.06180000000000008,-0.1,0.15
7.145556211471558,0.13427550630579776,-0.11455499399343533,-0.03187550630579794,0.06185499399343536,0.10239999999999982,-0.05269999999999997,-0.1,0.15
7.245862007141113,0.1385257768134948,-0.11747925297480333,-0.03462577681349491,0.07437925297480341,0.10389999999999988,-0.043099999999999916,-0.1,0.15
7.345897912979126,0.1563757685059321,-0.12516276646454838,-0.050475768505931995,0.09216276646454846,0.1059000000000001,-0.03299999999999992,-0.06,0.12
7.44623327255249,0.16467800130481816,-0.12921192965226422,-0.05617800130481834,0.10691192965226423,0.10849999999999982,-0.022299999999999986,-0.06,0.12
7.546508312225342,0.16783631581351055,-0.13075435515488665,-0.05623631581351041,0.11945435515488656,0.11160000000000014,-0.011300000000000088,-0.06,0.12
7.646962404251099,0.17705482189179036,-0.13152902779606251,-0.061854821891790174,0.1318290277960627,0.11520000000000019,0.000300000000000189,0.0,0.06
7.747133016586304,0.1828519813389985,-0.1341218350972203,-0.06355198133899853,0.1463218350972203,0.11929999999999996,0.012199999999999989,0.0,0.06
7.847431421279907,0.18505641650450794,-0.13510488902640766,-0.06105641650450783,0.15970488902640761,0.12400000000000011,0.024599999999999955,0.0,0.06
7.947823762893677,0.18589467268827348,-0.13547659102606002,-0.056694672688273495,0.1728765910260599,0.12919999999999998,0.03739999999999988,0.0,0.06
8.063255786895752,0.18813716817161147,-0.12571915175568538,-0.05323716817161145,0.17621915175568537,0.13490000000000002,0.05049999999999999,0.06,0.02
8.178828954696655,0.19162200668081517,-0.12376596786109038,-0.050522006680815384,0.18766596786109024,0.14109999999999978,0.06389999999999985,0.06,0.02
8.279056310653687,0.19142903205478107,-0.10519855717671664,-0.04352903205478115,0.18289855717671674,0.14789999999999992,0.0777000000000001,0.13,0.0
8.379364967346191,0.19402809464025822,-0.09890235091196083,-0.038928094640258204,0.19070235091196092,0.15510000000000002,0.0918000000000001,0.13,0.0
8.48264765739441,0.19516183895681755,-0.09650794689862222,-0.032161838956817734,0.20240794689862232,0.1629999999999998,0.1059000000000001,0.13,0.0
8.617666482925415,0.19064824381253026,-0.06939140246509849,-0.019348243812530252,0.18949140246509838,0.1713,0.12009999999999987,0.19,0.0
8.733402490615845,0.19063841246393728,-0.05912133704458511,-0.010438412463937147,0.1934213370445852,0.18020000000000014,0.13430000000000009,0.19,0.0
8.848926067352295,0.19062235203692246,-0.05522331712846997,-0.0011223520369226803,0.20382331712847004,0.18949999999999978,0.14860000000000007,0.23,0.0
8.949217081069946,0.18456081067548263,-0.023815286398455336,0.014739189324517399,0.1867152863984554,0.19930000000000003,0.16290000000000004,0.23,0.0
9.049518823623657,0.18226017235570108,-0.011876100657014244,0.02733982764429893,0.18907610065701427,0.2096,0.17720000000000002,0.23,0.0
9.149841547012329,0.181387569718078,-0.007336358998809522,0.03881243028192216,0.19893635899880974,0.22020000000000017,0.19160000000000021,0.23,0.0
9.250149726867676,0.17915378963319847,0.028518557469629606,0.052046210366801376,0.17758144253037056,0.23119999999999985,0.20610000000000017,0.26,0.02
9.350403785705566,0.17944339027652964,0.04291501060643482,0.0632566097234705,0.1775849893935651,0.24270000000000014,0.22049999999999992,0.26,0.02
9.481634378433228,0.18256444956456627,0.048630101873528606,0.07183555043543369,0.18636989812647126,0.25439999999999996,0.23499999999999988,0.26,0.02
9.594229459762573,0.18530199358417954,0.0895651206528979,0.08129800641582041,0.16003487934710214,0.26659999999999995,0.24960000000000004,0.28,0.05
9.69752025604248,0.18622375190902346,0.10620864973421143,0.09277624809097645,0.15789135026578857,0.2789999999999999,0.2641,0.28,0.05
9.804184436798096,0.1869307739403474,0.11259892291416673,0.10486922605965243,0.16610107708583344,0.29179999999999984,0.27870000000000017,0.28,0.05
9.908433675765991,0.19555075037385322,0.1542997310461869,0.10924924962614696,0.1391002689538132,0.3048000000000002,0.2934000000000001,0.27,0.1
10.015167474746704,0.19868326776612255,0.17222709380062426,0.11941673223387728,0.13577290619937557,0.3180999999999998,0.30799999999999983,0.27,0.1
10.124648094177246,0.21297602263452736,0.21944423101659077,0.11882397736547251,0.10325576898340943,0.3317999999999999,0.3227000000000002,0.27,0.14
10.238647699356079,0.21886370056873308,0.23928951013441804,0.12673629943126705,0.0981104898655821,0.34560000000000013,0.33740000000000014,0.27,0.14
10.344653129577637,0.23916317557199926,0.2862812846877924,0.12053682442800087,0.06581871531220768,0.35970000000000013,0.3521000000000001,0.24,0.18
10.454644203186035,0.26965970283730634,0.3404346870541562,0.10434029716269377,0.02646531294584359,0.3740000000000001,0.3668999999999998,0.2,0.21
10.568581104278564,0.2798716083656965,0.3625771405208937,0.10872839163430331,0.01902285947910648,0.38859999999999983,0.38160000000000016,0.2,0.21
10.684581995010376,0.28390399274255856,0.37114891569721015,0.11949600725744142,0.025251084302789717,0.4034,0.39639999999999986,0.2,0.21
10.784782409667969,0.309202295265317,0.40213693637276915,0.10909770473468289,0.00906306362723086,0.4182999999999999,0.4112,0.15,0.22
10.885146617889404,0.3169255745543285,0.41431359703660386,0.11657442544567148,0.011786402963396059,0.4335,0.4260999999999999,0.15,0.22
10.985535621643066,0.31986388383591974,0.418946009596212,0.12893611616408013,0.021953990403788093,0.44879999999999987,0.44090000000000007,0.15,0.22
11.085742235183716,0.3472245430200966,0.4438112366662121,0.11707545697990357,0.0119887633337879,0.46430000000000016,0.4558,0.08,0.22
11.188889026641846,0.35505074266785497,0.45351062722642105,0.12494925733214501,0.01708937277357908,0.48,0.47060000000000013,0.08,0.22
11.324035406112671,0.35898698004842666,0.45983256538298206,0.13681301995157336,0.02566743461701798,0.4958,0.48550000000000004,0.08,0.22
11.424372911453247,0.38927496149786095,0.4764205348260142,0.12252503850213908,0.023979465173985748,0.5118,0.5004,0.04,0.23
11.52464771270752,0.39925904704031645,0.483105167677415,0.12864095295968336,0.032294832322585065,0.5278999999999998,0.5154000000000001,0.04,0.23
11.640252828598022,0.4032880425639234,0.48697084904336235,0.1409119574360766,0.04332915095663764,0.5442,0.5303,0.04,0.23
11.740402460098267,0.4388261717849311,0.5036313155327896,0.12177382821506888,0.04156868446721029,0.5606,0.5451999999999999,0.03,0.25
11.840723037719727,0.451957752027834,0.5107448483152188,0.12514224797216617,0.04945515168478121,0.5771000000000002,0.5602,0.03,0.25
11.941048860549927,0.4569510245914122,0.5134505253352782,0.13674897540858794,0.061649474664721704,0.5937000000000001,0.5751,0.03,0.25
12.041313886642456,0.49570821658779907,0.5291076745190016,0.11479178341220098,0.06099232548099842,0.6105,0.5901000000000001,0.02,0.26
12.141666173934937,0.5100653600537214,0.5354512437432837,0.11723463994627858,0.06964875625671652,0.6273,0.6051000000000002,0.02,0.26
12.24209475517273,0.5155253316855631,0.5378708649977425,0.12877466831443674,0.08222913500225737,0.6442999999999999,0.6200999999999999,0.02,0.26
12.357533931732178,0.5575602809075102,0.5553866227741523,0.10373971909249002,0.0797133772258477,0.6613000000000002,0.6351,0.02,0.26
12.458037376403809,0.5734021640424044,0.5605774682650717,0.1050978359575957,0.08952253173492841,0.6785000000000001,0.6501000000000001,0.02,0.26
12.576694011688232,0.5795661572397409,0.5643227505865309,0.11613384276025907,0.10077724941346888,0.6957,0.6650999999999998,0.04,0.24
12.689594268798828,0.6198323703083285,0.5810609834352284,0.09316762969167158,0.09903901656477154,0.7130000000000001,0.6800999999999999,0.04,0.24
12.791335821151733,0.6349488223092473,0.5864119497017208,0.09545117769075262,0.10878805029827898,0.7303999999999999,0.6951999999999998,0.04,0.24
12.905922174453735,0.6771438307894475,0.6052239015557018,0.0707561692105525,0.10497609844429812,0.7479,0.7101999999999999,0.05,0.22
13.02811861038208,0.6937543334862721,0.6121241176828781,0.07164566651372795,0.11317588231712172,0.7654000000000001,0.7252999999999998,0.05,0.22
13.143534183502197,0.6999290226021206,0.6141835981467831,0.08307097739787928,0.12611640185321682,0.7829999999999999,0.7403,0.05,0.22
13.243814468383789,0.7362730059900486,0.6295919811810031,0.06442699400995133,0.12580801881899673,0.8007,0.7553999999999998,0.07,0.2
13.34412693977356,0.7508524739522519,0.6346915191025707,0.06754752604774816,0.13570848089742926,0.8184,0.7704,0.07,0.2
13.459740161895752,0.7568018786438773,0.6377791122794036,0.07939812135612256,0.14772088772059622,0.8361999999999998,0.7854999999999999,0.07,0.2
13.575665950775146,0.7590689036955117,0.6389726945178501,0.09513109630448835,0.1616273054821501,0.8542000000000001,0.8006000000000002,0.07,0.2
13.707224130630493,0.7905590323678313,0.6586330909181098,0.08194096763216874,0.15696690908189004,0.8725,0.8155999999999999,0.1,0.16
13.82970666885376,0.8321328996065931,0.685488960558909,0.05916710039340711,0.14511103944109105,0.8913000000000002,0.8306,0.14,0.15
13.929944515228271,0.8485795377829324,0.6939549708571485,0.06212046221706746,0.15134502914285142,0.9106999999999998,0.8452999999999999,0.14,0.15
14.030108451843262,0.8854261962396751,0.7251937778059158,0.04507380376032477,0.13470622219408435,0.9304999999999999,0.8599000000000001,0.17,0.15
14.13039231300354,0.9005872476229915,0.7370790022042095,0.050412752377008596,0.13722099779579033,0.9510000000000001,0.8742999999999999,0.17,0.15
14.230713367462158,0.906354730404418,0.7416005517325557,0.06534526959558173,0.1465994482674442,0.9716999999999998,0.8881999999999999,0.17,0.15
14.330969333648682,0.9343930783227139,0.771454093636707,0.05830692167728624,0.13034590636329313,0.9927000000000001,0.9018000000000002,0.17,0.11
14.446598052978516,0.9460424451807483,0.7819224872263527,0.06795755481925148,0.1329775127736471,1.0139999999999998,0.9148999999999998,0.17,0.11
14.556178569793701,0.9704623971067506,0.8154403036719982,0.06503760289324922,0.11215969632800182,1.0354999999999999,0.9276,0.18,0.09
14.662550687789917,0.9799384366987677,0.8272311977022351,0.07726156330123224,0.1126688022977651,1.0572,0.9399000000000002,0.18,0.09
14.762900352478027,0.9831323282833258,0.8315075572228336,0.09606767171667441,0.12019244277716656,1.0792000000000002,0.9517000000000002,0.18,0.09
14.863094806671143,1.0038647950148964,0.8626614568142393,0.09753520498510349,0.10053854318576072,1.1014,0.9632000000000001,0.18,0.09
14.96339225769043,1.0117554886064588,0.8745113853695672,0.11204451139354132,0.09978861463043276,1.1238000000000001,0.9742999999999999,0.18,0.09
15.063632011413574,1.014752072479997,0.8790154351561493,0.13164792752000287,0.10588456484385078,1.1463999999999999,0.9849000000000001,0.18,0.09
15.163898229598999,1.0350475194533173,0.9109898883723155,0.13415248054668272,0.08421011162768455,1.1692,0.9952000000000001,0.17,0.11
15.267219543457031,1.0425797873390712,0.9240389968313595,0.14952021266092874,0.08116100316864039,1.1921,1.0051999999999999,0.17,0.11
15.380159139633179,1.0460569833808675,0.9293984996741945,0.16904301661913257,0.08530150032580541,1.2151,1.0147,0.17,0.11
15.482065439224243,1.0682615408417233,0.961657766048086,0.17013845915827663,0.06234223395191407,1.2384,1.024,0.16,0.14
15.59626817703247,1.0770579517738488,0.9757367500922735,0.18464204822615105,0.05706324990772649,1.2616999999999998,1.0328,0.16,0.14
15.696505546569824,1.0795586213828428,0.9803473370625428,0.20564137861715737,0.061052662937457036,1.2852000000000001,1.0413999999999999,0.16,0.14
15.796813488006592,1.1080433382220038,1.0077066554404996,0.20065666177799613,0.04189334455950022,1.3087,1.0495999999999999,0.13,0.19
15.934969425201416,1.1195878707866704,1.022728081498916,0.21281212921332937,0.034871918501083954,1.3323999999999998,1.0575999999999999,0.13,0.19
16.050458431243896,1.1228581913695865,1.026806926876279,0.23334180863041332,0.03839307312372098,1.3561999999999999,1.0652,0.13,0.19
16.150763034820557,1.1573040928455263,1.0450367953877562,0.22279590715447384,0.02756320461224382,1.3801,1.0726,0.09,0.25
16.25107979774475,1.1688738829219387,1.0542582282902313,0.2351261170780612,0.02544177170976858,1.404,1.0796999999999999,0.09,0.25
16.351836681365967,1.173288259547413,1.0578064085371497,0.25471174045258693,0.0287935914628501,1.428,1.0865999999999998,0.07,0.3
16.463462829589844,1.2163337351507593,1.0767886529521413,0.2357662648492409,0.016411347047858627,1.4521000000000002,1.0932,0.07,0.3
16.583929538726807,1.2329266630252655,1.0849922416834266,0.2432733369747344,0.014707758316573338,1.4762,1.0997,0.07,0.3
16.68433380126953,1.2386928868920357,1.0858493765221588,0.26170711310796424,0.020150623477841023,1.5004,1.1059999999999999,0.07,0.3
16.78457283973694,1.2892642635643645,1.1013222108825238,0.23533573643563588,0.010777789117476066,1.5246000000000004,1.1120999999999999,0.05,0.34
16.886314630508423,1.3077606288331713,1.108923198928994,0.24113937116682838,0.009176801071006047,1.5488999999999997,1.1181,0.05,0.34
17.000758409500122,1.3697502357369788,1.126705274908389,0.20334976426302132,-0.0028052749083891104,1.5731000000000002,1.1239,0.03,0.37
17.10604953765869,1.3923136980846262,1.1334889616205421,0.20508630191537414,-0.0037889616205419863,1.5974000000000004,1.1297000000000001,0.03,0.37
17.21670413017273,1.4558272833637653,1.1447468765430422,0.16597271663623503,-0.009446876543042215,1.6218000000000004,1.1353,0.01,0.39
17.338702917099,1.4791733245977334,1.1515191695477334,0.16692667540226624,-0.010519169547733354,1.6460999999999997,1.141,0.01,0.39
17.438910722732544,1.4879426615541422,1.1509051055131,0.18245733844585765,-0.00430510551310026,1.6703999999999999,1.1465999999999998,0.01,0.39
17.554832458496094,1.545475149605134,1.157289412834973,0.14932485039486587,-0.005189412834973206,1.6947999999999999,1.1521,0.0,0.36
17.65510892868042,1.5668682282685629,1.1562801406814658,0.1522317717314372,0.0015198593185341558,1.7191,1.1578,0.0,0.36
17.755492448806763,1.575000768755909,1.1559145688643173,0.16849923124409094,0.007485431135682896,1.7435,1.1634000000000002,0.0,0.36
17.855696201324463,1.6262078234850277,1.1595178190292161,0.14159217651497258,0.009582180970783671,1.7678000000000003,1.1690999999999998,-0.01,0.32
17.96060037612915,1.6452852427743492,1.1599284635984153,0.1468147572256504,0.01507153640158454,1.7920999999999996,1.1749999999999998,-0.01,0.32
18.07140350341797,1.652517268768944,1.160790738492461,0.16378273123105602,0.02010926150753889,1.8163,1.1808999999999998,0.0,0.3
18.18737030029297,1.7017020502201827,1.1663291966764175,0.1388979497798175,0.020670803323582287,1.8406000000000002,1.1869999999999998,0.0,0.3
18.303234815597534,1.7203791657517833,1.1684192730490925,0.1444208342482165,0.024780726950907495,1.8647999999999998,1.1932,0.0,0.3
18.419148206710815,1.7769383673946733,1.1771239589960427,0.11196163260532632,0.02257604100395727,1.8888999999999996,1.1997,0.0,0.31
18.52570867538452,1.7984028387668902,1.1797829320535176,0.11459716123311003,0.026517067946482564,1.9130000000000003,1.2063000000000001,0.0,0.31
18.633649826049805,1.8546782212731228,1.1879331910856015,0.08232177872687751,0.025266808914398586,1.9370000000000003,1.2132,0.0,0.29
18.739293575286865,1.876059728592086,1.189959971202394,0.08494027140791438,0.0304400287976061,1.9610000000000003,1.2204000000000002,0.0,0.29
18.84732747077942,1.884186787811135,1.1909905973678907,0.10061321218886499,0.03680940263210908,1.9848,1.2277999999999998,0.0,0.29
18.95932626724243,1.9274183545898804,1.200588807707512,0.08118164541011996,0.03491119229248807,2.0086000000000004,1.2355,0.01,0.24
19.079474210739136,1.9777511479745329,1.2122340377394931,0.05454885202546733,0.0313659622605067,2.0323,1.2435999999999998,0.02,0.2
19.193472862243652,1.9972606219672129,1.2143687165494126,0.05853937803278675,0.03753128345058743,2.0557999999999996,1.2519,0.02,0.2
19.299682140350342,2.0046075731456234,1.2145969463032578,0.07459242685437673,0.04610305369674217,2.0792,1.2607,0.02,0.2
19.4058575630188,2.039541065530698,1.2255919485522007,0.06295893446930201,0.04420805144779938,2.1025,1.2698,0.03,0.19
19.526300191879272,2.053391137769711,1.2303838094927666,0.07230886223028898,0.048916190507233503,2.1257,1.2793,0.03,0.19
19.659858465194702,2.0875867716950727,1.2449750208854884,0.06101322830492739,0.04422497911451173,2.1486,1.2892000000000001,0.04,0.16
19.760152339935303,2.1005351129401952,1.2469931648914148,0.07086488705980498,0.052406835108585126,2.1714,1.2993999999999999,0.04,0.16
19.86046576499939,2.105456604654236,1.2477651098939757,0.08854339534576416,0.06233489010602411,2.194,1.3100999999999998,0.05,0.15
19.96074914932251,2.135340998311712,1.2560025646783566,0.08105900168828795,0.06519743532164357,2.2164,1.3212000000000002,0.05,0.15
20.06103229522705,2.146704599285844,1.2591349331932136,0.09189540071415614,0.07356506680678643,2.2386,1.3327,0.05,0.15
20.176940202713013,2.1513218282762563,1.2612052154028397,0.10927817172374388,0.0833947845971601,2.2606,1.3445999999999998,0.05,0.15
20.307995080947876,2.1812240941130887,1.273247733319211,0.10107590588691151,0.08375226668078928,2.2823,1.3570000000000002,0.06,0.14
20.408268690109253,2.1923507590038054,1.2757004650918893,0.11124924099619493,0.09389953490811087,2.3036000000000003,1.3696000000000002,0.06,0.14
20.508578300476074,2.1965812011807437,1.276637507628598,0.12791879881925583,0.10586249237140177,2.3244999999999996,1.3824999999999998,0.06,0.14
20.646488666534424,2.227767763447169,1.2944496122050775,0.11713223655283089,0.10125038779492268,2.3449,1.3957000000000002,0.09,0.16
20.777677297592163,2.2409247518269333,1.3018391080615923,0.12397524817306627,0.10736089193840748,2.3648999999999996,1.4091999999999998,0.09,0.16
20.877958297729492,2.244865943738956,1.3027909490265839,0.13963405626104386,0.12010905097341595,2.3845,1.4228999999999998,0.14,0.19
20.978113412857056,2.279678923570163,1.3262668168214065,0.12402107642983662,0.11063318317859361,2.4036999999999997,1.4369,0.14,0.19
21.078424215316772,2.292924360940523,1.3352047104543683,0.1296756390594771,0.11599528954563176,2.4226,1.4512,0.14,0.19
21.194382190704346,2.298785835113002,1.339720122759652,0.14231416488699766,0.1260798772403482,2.4410999999999996,1.4658000000000002,0.14,0.19
21.313140392303467,2.3341098747804354,1.3671035280567712,0.12509012521956464,0.11349647194322876,2.4592,1.4806,0.16,0.2
21.426066160202026,2.3480674695082966,1.3775096963323727,0.1290325304917035,0.11819030366762706,2.4771,1.4956999999999998,0.16,0.2
21.548499584197998,2.389630662562593,1.409514476726623,0.104969337437407,0.10148552327337712,2.4946,1.5110000000000001,0.17,0.21
21.666115045547485,2.4055574785381753,1.4217426533734048,0.10624252146182478,0.1048573466265954,2.5118,1.5266000000000002,0.17,0.21
21.766465663909912,2.4105001166523445,1.4250242778696816,0.11829988334765584,0.11747572213031843,2.5288000000000004,1.5425,0.17,0.21
21.87348222732544,2.4489575651981776,1.4548791296838355,0.09644243480182224,0.10372087031616473,2.5454,1.5586000000000002,0.18,0.22
21.987432718276978,2.4644520985887017,1.4672067596590266,0.09734790141129812,0.1077932403409736,2.5618,1.5750000000000002,0.18,0.22
22.09551453590393,2.501470734497954,1.500198203556362,0.07642926550204576,0.09140179644363822,2.5778999999999996,1.5916000000000001,0.18,0.2
22.20443367958069,2.515593445330385,1.5119757607796447,0.07840655466961532,0.09642423922035537,2.5940000000000003,1.6084,0.18,0.2
22.313687324523926,2.5510714574599658,1.5453186806118462,0.058928542540034545,0.079981319388154,2.6100000000000003,1.6253000000000002,0.18,0.19
22.447621822357178,2.5662264518225752,1.559337684887746,0.059773548177425084,0.08286231511225384,2.6260000000000003,1.6421999999999999,0.18,0.19
22.568032026290894,2.599659408706063,1.5936745813397917,0.042540591293936725,0.06552541866020811,2.6422,1.6591999999999998,0.18,0.18
22.668298482894897,2.6109771200069694,1.60487852476281,0.04732287999303031,0.07122147523719002,2.6582999999999997,1.6761,0.18,0.18
22.76860809326172,2.6152845904960356,1.6091427544134593,0.0593154095039643,0.08385724558654073,2.6746,1.693,0.18,0.18
22.884737968444824,2.6464899986763037,1.6405186243840095,0.044410001323696324,0.06938137561599067,2.6909,1.7099000000000002,0.16,0.16
22.98503851890564,2.6565008448335505,1.6505941606065928,0.050799155166449506,0.07620583939340708,2.7073,1.7268,0.16,0.16
23.100569009780884,2.6612240771918345,1.655342003529774,0.06257592280816526,0.08835799647022613,2.7237999999999998,1.7437,0.16,0.16
23.216331005096436,2.6879797232701907,1.6850056421088198,0.05242027672980942,0.0754943578911802,2.7404,1.7605,0.15,0.15
23.31679391860962,2.696832723021883,1.6949619859323746,0.060167276978116746,0.08233801406762531,2.7569999999999997,1.7772999999999999,0.15,0.15
23.41713547706604,2.7001928070382393,1.6987414822748033,0.07350719296176056,0.09535851772519655,2.7737,1.7940999999999998,0.15,0.15
23.517247438430786,2.7244653551516134,1.7264336265734044,0.06603464484838639,0.08436637342659559,2.7904999999999998,1.8108,0.15,0.14
23.617546558380127,2.7337058829238177,1.7365931018934162,0.07359411707618202,0.09100689810658369,2.8072999999999997,1.8276,0.15,0.14
23.71920371055603,2.737296365212973,1.7405279444888089,0.08690363478702734,0.10377205551119117,2.8242000000000003,1.8443,0.16,0.15
23.83374834060669,2.764315209547593,1.770494562482745,0.07678479045240705,0.09050543751725515,2.8411,1.8610000000000002,0.16,0.15
23.955953359603882,2.775038165808428,1.7823092084383567,0.08306183419157209,0.09529079156164344,2.8581000000000003,1.8776000000000002,0.16,0.15
24.071783542633057,2.802388516527282,1.8114772050464223,0.07281148347271849,0.08282279495357758,2.8752000000000004,1.8942999999999999,0.16,0.16
24.172064065933228,2.811833234438716,1.8220508457694475,0.08046676556128363,0.08884915423055229,2.8922999999999996,1.9108999999999998,0.16,0.16
24.303210973739624,2.8172774251981805,1.8279248824459722,0.09222257480181995,0.09957511755402804,2.9095000000000004,1.9275000000000002,0.16,0.18
24.418704748153687,2.84636661088761,1.855379707215044,0.0803333891123903,0.08872029278495619,2.9267000000000003,1.9441000000000002,0.16,0.18
24.51903533935547,2.85649388235355,1.864773747251501,0.08740611764645001,0.09582625274849899,2.9439,1.9606,0.16,0.18
24.619356155395508,2.8906679004806577,1.8934396468120325,0.07053209951934214,0.08376035318796737,2.9612,1.9771999999999998,0.15,0.19
24.734845638275146,2.9041431637677713,1.9058098638656409,0.0743568362322291,0.08789013613435914,2.9785000000000004,1.9937,0.15,0.19
24.857141494750977,2.9096423498258623,1.9109902541860744,0.08625765017413745,0.0993097458139256,2.9959,2.0103,0.16,0.19
24.957458972930908,2.9420892530131404,1.9368648249309564,0.07111074698685993,0.08993517506904336,3.0132000000000003,2.0267999999999997,0.16,0.19
25.073455333709717,2.9553740352792164,1.9478262955568115,0.07532596472078401,0.09547370444318881,3.0307000000000004,2.0433000000000003,0.16,0.19
25.189074516296387,2.9603950538233113,1.9519604290083,0.08770494617668856,0.10783957099170016,3.0481,2.0598,0.16,0.19
25.320496559143066,2.9900458378383,1.9823862334798084,0.07555416216169997,0.09381376652019169,3.0656,2.0762,0.17,0.19
25.420771598815918,2.9997895881859424,1.9916931477068196,0.08331041181405752,0.10100685229318018,3.0831,2.0927,0.17,0.19
25.536383390426636,3.030280021982466,2.02788232251879,0.07041997801753386,0.0812176774812099,3.1007,2.1090999999999998,0.18,0.19
25.657997369766235,3.0427043949097494,2.0420547948577625,0.0755956050902502,0.08354520514223784,3.1182999999999996,2.1256000000000004,0.18,0.19
25.758255004882812,3.045976027494297,2.045909224617381,0.08992397250570328,0.09609077538261923,3.1359000000000004,2.1420000000000003,0.18,0.19
25.85851216316223,3.072306276256288,2.0800478196954257,0.08119372374371236,0.07835218030457458,3.1535,2.1584000000000003,0.18,0.2
25.95883560180664,3.082322834548967,2.0934151395443172,0.0887771654510332,0.08148486045568282,3.1711,2.1749,0.18,0.2
26.059319496154785,3.086142582612305,2.0985102441163455,0.10265741738769485,0.09278975588365457,3.1887999999999996,2.1913,0.18,0.2
26.159499645233154,3.112839868336092,2.131196239604363,0.09366013166390807,0.07650376039563689,3.2065,2.2077,0.17,0.2
26.275270223617554,3.1236116742587647,2.144803605214107,0.100588325741235,0.07929639478589312,3.2241999999999997,2.2241,0.17,0.2
26.375606775283813,3.154071498803895,2.1790575240507453,0.08782850119610508,0.061342475949254904,3.2419000000000002,2.2404,0.16,0.22
26.47595191001892,3.1652714109791407,2.192844816618911,0.09442858902085893,0.06395518338108896,3.2596999999999996,2.2568,0.16,0.22
26.576282024383545,3.169529379033251,2.1980863535884594,0.10787062096674926,0.07511364641154072,3.2774,2.2732,0.16,0.22
26.692076206207275,3.206745629291204,2.231141212901782,0.08845437070879614,0.05835878709821829,3.2952000000000004,2.2895000000000003,0.15,0.25
26.79245352745056,3.2195628409628605,2.243558503219962,0.09343715903713923,0.06234149678003842,3.3129999999999997,2.3059000000000003,0.15,0.25
26.923932790756226,3.2640222763015236,2.2786661595521545,0.06677772369847634,0.043633840447845795,3.3308,2.3223000000000003,0.14,0.25
27.04121994972229,3.2796299428808986,2.290643961380906,0.06897005711910165,0.047956038619093366,3.3486000000000002,2.3385999999999996,0.14,0.25
27.161807775497437,3.2857285134215743,2.295501144212786,0.08077148657842592,0.05939885578721382,3.3665000000000003,2.3548999999999998,0.14,0.25
27.26205587387085,3.324358859727738,2.3215474996578864,0.059941140272261606,0.049752500342113315,3.3842999999999996,2.3712999999999997,0.12,0.24
27.377714157104492,3.3389854592152237,2.3324633629885723,0.06321454078477595,0.05513663701142768,3.4021999999999997,2.3876,0.12,0.24
27.4780056476593,3.3438447002413385,2.335222767909801,0.07615529975866142,0.06867723209019916,3.42,2.4039,0.12,0.24
27.609251976013184,3.3816521142992957,2.362549405845055,0.05624788570070427,0.05775059415494521,3.4379,2.4203,0.11,0.22
27.70945405960083,3.39419431688588,2.3693487163928864,0.06160568311412007,0.06725128360711397,3.4558,2.4366000000000003,0.11,0.22
27.84086799621582,3.433726263368476,2.3973588971329316,0.03997373663152404,0.05554110286706804,3.4737,2.4528999999999996,0.11,0.21
27.963316440582275,3.448342278745222,2.406773138406075,0.043257721254778225,0.062426861593924965,3.4916,2.4692,0.11,0.21
28.063607692718506,3.485200059987072,2.4342395673417814,0.02439994001292778,0.05126043265821867,3.5096,2.4855,0.11,0.2
28.16405749320984,3.4992170138530416,2.4443128994877976,0.028282986146958233,0.05748710051220263,3.5275,2.5018000000000002,0.11,0.2
28.264272212982178,3.5045371050158924,2.448125813500668,0.040862894984107445,0.06997418649933174,3.5454,2.5180999999999996,0.11,0.2
28.36445641517639,3.5373066437296283,2.4738222876157416,0.02609335627037135,0.06057771238425813,3.5633999999999997,2.5343999999999998,0.1,0.19
28.4734628200531,3.549722744594555,2.483845474604656,0.03157725540544476,0.06685452539534387,3.5812999999999997,2.5507,0.1,0.19
28.581136465072632,3.554390172845087,2.4875580872951204,0.04490982715491354,0.07944191270487977,3.5993000000000004,2.567,0.1,0.19
28.68254518508911,3.5855519189294554,2.5101966035345535,0.03174808107054483,0.07310339646544683,3.6173,2.5833000000000004,0.1,0.17
28.797096014022827,3.5978993955927954,2.5188751218468837,0.03730060440720484,0.08072487815311602,3.6352,2.5995999999999997,0.1,0.17
28.91532039642334,3.602726530917104,2.5224036835925725,0.05047346908289585,0.0934963164074274,3.6532,2.6159,0.11,0.16
29.028268098831177,3.6301224144283895,2.5432615703647246,0.04107758557161034,0.08883842963527577,3.6712,2.6321000000000003,0.11,0.16
29.13034176826477,3.6400731861368065,2.550527396918743,0.049126813863193064,0.09787260308125667,3.6891999999999996,2.6483999999999996,0.11,0.16
29.244220733642578,3.6673645147324483,2.5757274244773014,0.039835485267551984,0.08897257552269844,3.7072000000000003,2.6647,0.13,0.15
29.366859436035156,3.679025496492388,2.58536054566062,0.04617450350761221,0.09563945433938015,3.7252,2.681,0.13,0.15
29.49829649925232,3.7080481347963237,2.6124847048355755,0.03515186520367619,0.08471529516442411,3.7432,2.6971999999999996,0.14,0.16
29.59865641593933,3.7179062595876684,2.6213921775301507,0.04329374041233125,0.09210782246984905,3.7611999999999997,2.7135,0.14,0.16
29.698884963989258,3.7216486513174605,2.624772796803747,0.05755134868253986,0.10502720319625292,3.7792000000000003,2.7298,0.14,0.16
29.8148250579834,3.748468429135464,2.6530207255470764,0.048831570864535934,0.09307927445292385,3.7973,2.7461,0.15,0.15
29.930412769317627,3.7590732597748664,2.6632872876938256,0.0562267402251333,0.09901271230617414,3.8152999999999997,2.7622999999999998,0.15,0.15
30.03072214126587,3.7867201608533962,2.6910895745019823,0.04657983914660413,0.08751042549801769,3.8333000000000004,2.7786,0.16,0.15
30.13103461265564,3.797612984139003,2.701660032594778,0.053687015860997,0.09323996740522222,3.8513,2.7949,0.16,0.15
30.231366634368896,3.829558619296003,2.734884939927992,0.03984138070399679,0.07621506007200773,3.8693999999999997,2.8110999999999997,0.18,0.17
30.331674814224243,3.842467489384369,2.748280344047217,0.044932510615631305,0.0791196559527827,3.8874000000000004,2.8274,0.18,0.17
30.431946992874146,3.847373727876241,2.753371724320099,0.05812627212375876,0.09022827567990133,3.9055,2.8436000000000003,0.18,0.17
30.533615350723267,3.876875418577799,2.7851562782654335,0.046624581422200606,0.07474372173456612,3.9234999999999998,2.8598999999999997,0.17,0.17
30.64807939529419,3.8885278655603166,2.7980640882736076,0.053072134439683616,0.07813591172639223,3.9416,2.8762,0.17,0.17
30.770246744155884,3.8934427799411244,2.803456050803299,0.06615722005887559,0.08894394919670123,3.9596,2.8924000000000003,0.17,0.17
30.870505571365356,3.9194587251409994,2.831487731647873,0.058241274859000214,0.07721226835212658,3.9776999999999996,2.9086999999999996,0.17,0.16
30.98645544052124,3.9303570293436407,2.842712477938627,0.06534297065635952,0.08218752206137303,3.9957000000000003,2.9249,0.17,0.16
31.086801767349243,3.960334145724903,2.87434975362077,0.05346585427509698,0.06685024637923043,4.0138,2.9412000000000003,0.17,0.17
31.202309131622314,3.972705979737364,2.887734920164423,0.05909402026263555,0.0696650798355769,4.0318,2.9574,0.17,0.17
31.302690982818604,3.9764368009276607,2.891850320779902,0.07346319907233934,0.081849679220098,4.0499,2.9737,0.17,0.17
31.418503522872925,4.006038145440799,2.927617131622113,0.06196185455920045,0.06228286837788666,4.068,2.9898999999999996,0.18,0.18
31.534536361694336,4.0177334701031935,2.9416541234575537,0.06826652989680682,0.06454587654244603,4.086,3.0061999999999998,0.18,0.18
31.638795137405396,4.021378304264916,2.946187551582408,0.08272169573508403,0.0763124484175921,4.1041,3.0225,0.18,0.18
31.772356510162354,4.053904787574983,2.9823989898920447,0.06829521242501713,0.05630101010795574,4.1222,3.0387000000000004,0.17,0.19
31.903507947921753,4.065573365132133,2.9964589489447553,0.07462663486786703,0.05854105105524443,4.1402,3.0549999999999997,0.17,0.19
32.0364351272583,4.09963327823659,3.0338312620287904,0.05866672176340959,0.037368737971209764,4.1583,3.0712,0.16,0.19
32.173187255859375,4.1122673636819345,3.048267384479575,0.06413263631806565,0.039132615520424796,4.1764,3.0873999999999997,0.16,0.19
32.27349281311035,4.144132052260493,3.079599475839076,0.050367947739506924,0.024100524160923786,4.1945,3.1037,0.14,0.2
32.37365365028381,4.155472888395724,3.0918797101920914,0.05702711160427665,0.028020289807908938,4.2125,3.1199000000000003,0.14,0.2
32.473674297332764,4.191201876160023,3.1212985167337477,0.03939812383997676,0.014901483266251958,4.2306,3.1361999999999997,0.11,0.2
32.5896532535553,4.204314993002742,3.133690407741068,0.044385006997258,0.018709592258931984,4.2487,3.1524,0.11,0.2
32.6900520324707,4.208648573634912,3.137224167656844,0.058151426365087744,0.031475832343156096,4.2668,3.1687000000000003,0.11,0.2
32.82155632972717,4.244221372642922,3.164185493800232,0.04067862735707806,0.02071450619976778,4.2849,3.1849,0.09,0.19
32.92188334465027,4.2556458401879365,3.171681164271957,0.04735415981206348,0.029518835728043147,4.303,3.2012,0.09,0.19
33.03026556968689,4.260262948899643,3.1751089175741423,0.06073705110035643,0.04229108242585733,4.321,3.2173999999999996,0.09,0.19
33.13753080368042,4.293127509994821,3.1978038942721954,0.045972490005179445,0.03589610572780444,4.3391,3.2337,0.08,0.18
33.2548246383667,4.3055151659294015,3.2067002030814318,0.05168483407059821,0.043199796918568456,4.3572,3.2499000000000002,0.08,0.18
33.375781536102295,4.3103285130775735,3.210323325948763,0.06497148692242671,0.05587667405123753,4.3753,3.2662000000000004,0.08,0.18
33.47607946395874,4.342110897284206,3.2283635981274013,0.05128910271579379,0.05403640187259873,4.3934,3.2824,0.08,0.18
33.60732913017273,4.355138086861005,3.2373172732279847,0.05636191313899541,0.06128272677201574,4.4115,3.2986000000000004,0.08,0.18
33.70760750770569,4.359144350359325,3.23862280938506,0.07045564964067452,0.07627719061493954,4.4296,3.3148999999999997,0.09,0.18
33.8234338760376,4.3932950977329375,3.2592753816763356,0.05440490226706274,0.0718246183236646,4.4477,3.3311,0.09,0.18
33.939373254776,4.406267937594896,3.267124769601081,0.05943206240510435,0.08027523039891937,4.4657,3.3474000000000004,0.09,0.18
34.07720947265625,4.443779672222471,3.292385266400259,0.04002032777752884,0.07121473359974084,4.4838,3.3636,0.11,0.19
34.17739009857178,4.457462459232295,3.2997896599899614,0.044437540767704675,0.08001034001003893,4.5019,3.3798000000000004,0.11,0.19
34.27771282196045,4.493102807809882,3.325464072055686,0.02689719219011799,0.07063592794431361,4.52,3.3960999999999997,0.13,0.19
34.3777813911438,4.507404540156076,3.335208304067314,0.03069545984392441,0.07709169593268594,4.5381,3.4123,0.13,0.19
34.49517750740051,4.513691661697391,3.340150434952113,0.042508338302608806,0.08844956504788737,4.5562,3.4286000000000003,0.13,0.19
34.61035776138306,4.543528629973308,3.365474611008735,0.030771370026691613,0.07932538899126484,4.5743,3.4448,0.14,0.16
34.72587323188782,4.555313300763849,3.37379870803135,0.03708669923615027,0.08730129196865022,4.5924,3.4611,0.14,0.16
34.84134101867676,4.559785455304004,3.376956504913427,0.05071454469599601,0.1003434950865727,4.6105,3.4772999999999996,0.15,0.15
34.9568452835083,4.587417959454419,3.4021174953781492,0.04118204054558028,0.09138250462185082,4.6286,3.4935,0.15,0.15
35.07906913757324,4.598290053241491,3.412050799375413,0.04840994675850929,0.09774920062458747,4.6467,3.5098000000000003,0.15,0.15
35.19446325302124,4.627356117181895,3.44446408431697,0.03744388281810451,0.08153591568302998,4.6648,3.526,0.17,0.16
35.3104305267334,4.6643951867504505,3.4884766455282517,0.018504813249549557,0.05382335447174835,4.6829,3.5423,0.19,0.16
35.42635202407837,4.679335644853428,3.505184701005358,0.021664355146572056,0.05331529899464238,4.701,3.5585000000000004,0.19,0.16
35.52661156654358,4.683889909255953,3.5105854545828605,0.03521009074404713,0.06411454541713946,4.7191,3.5747,0.19,0.16
35.62666988372803,4.6856089283119715,3.5126281721915507,0.05159107168802812,0.07837182780844953,4.7372,3.591,0.19,0.16
35.726964473724365,4.70970364039426,3.5452312080869812,0.04559635960574049,0.06196879191301852,4.7553,3.6071999999999997,0.18,0.15
35.82725954055786,4.718484464836972,3.557247362344491,0.05491553516302794,0.06625263765550882,4.7734,3.6235,0.18,0.15
35.94464898109436,4.745377354190028,3.594166211996137,0.04612264580997216,0.04553378800386332,4.7915,3.6397000000000004,0.17,0.15
36.05883979797363,4.754937342900923,3.6080029838644876,0.05466265709907692,0.04789701613551234,4.8096,3.6559,0.17,0.15
36.18120551109314,4.759088121101271,3.6137175509536448,0.06861187889872866,0.058482449046355356,4.8277,3.6722,0.17,0.15
36.28150272369385,4.788505109006867,3.6470704359726622,0.05729489099313234,0.04132956402733745,4.8458,3.6883999999999997,0.16,0.18
36.38173222541809,4.799303229620977,3.6608891793834726,0.06459677037902267,0.043710820616527535,4.8639,3.7046,0.16,0.18
36.49788951873779,4.804367619891227,3.6672224447108217,0.07763238010877238,0.05367755528917861,4.882,3.7209000000000003,0.16,0.18
36.61528491973877,4.835579362984982,3.6992161987497827,0.06452063701501842,0.037883801250217175,4.9001,3.7371,0.14,0.19
36.74525427818298,4.847200846175971,3.7127068613904006,0.07099915382402866,0.040693138609599444,4.9182,3.7534,0.14,0.19
36.86116671562195,4.850870020725821,3.716822004957483,0.0854299792741795,0.05277799504251668,4.9363,3.7695999999999996,0.14,0.19
36.9836311340332,4.882440940429666,3.745967500163691,0.0719590595703341,0.03983249983630888,4.9544,3.7858,0.13,0.2
37.08375906944275,4.892856960107668,3.7558077703143202,0.07964303989233201,0.04629222968568003,4.9725,3.8021000000000003,0.13,0.2
37.184030294418335,4.896825046917488,3.7595619234522073,0.09377495308251138,0.058738076547792506,4.9906,3.8183,0.13,0.2
37.28431296348572,4.930702138589761,3.785369699060024,0.07799786141023901,0.04923030093997616,5.0087,3.8346,0.13,0.21
37.39988589286804,4.944338849791917,3.796775695754945,0.08246115020808276,0.054024304245054555,5.0268,3.8507999999999996,0.13,0.21
37.51588845252991,4.949537694664906,3.801139062515401,0.09536230533509382,0.06586093748459909,5.0449,3.867,0.13,0.21
37.63175129890442,4.98695882292587,3.827765386295263,0.0760411770741296,0.055534613704737,5.063,3.8833,0.13,0.23
37.732062339782715,5.000399309591564,3.8374073497626098,0.08070069040843642,0.06209265023738997,5.0811,3.8994999999999997,0.14,0.24
37.8480064868927,5.043694650192104,3.8680947571150153,0.055505349807895676,0.04760524288498491,5.0992,3.9157,0.14,0.24
37.96351408958435,5.060113131229708,3.879707513984082,0.05718686877029189,0.05229248601591818,5.1173,3.9320000000000004,0.14,0.24
38.085938930511475,5.106408026203262,3.908944247696119,0.028991973796737902,0.039255752303880787,5.1354,3.9482,0.13,0.24
38.18628287315369,5.122418343231793,3.918043963790109,0.03108165676820729,0.04645603620989114,5.1535,3.9645,0.13,0.24
38.28666281700134,5.12850738479855,3.921509633702908,0.04309261520144947,0.059190366297091845,5.1716,3.9806999999999997,0.13,0.24
38.41829776763916,5.167417748956113,3.950106378315121,0.02228225104388759,0.046793621684879216,5.1897,3.9969,0.13,0.22
38.553587198257446,5.1823517078022,3.9602478601738897,0.025448292197800093,0.05295213982611058,5.2078,4.0132,0.13,0.22
38.66507339477539,5.186850864302623,3.9621356961120013,0.039049135697377224,0.06726430388799853,5.2259,4.0294,0.13,0.22
38.787696838378906,5.220681347850955,3.991337991417937,0.023318652149044716,0.05426200858206309,5.244,4.0456,0.13,0.19
38.90320444107056,5.2331685228717735,4.000514424274439,0.028931477128226746,0.061385575725561026,5.2621,4.0619,0.13,0.19
39.003488063812256,5.23716544596489,4.002913753280377,0.04303455403510981,0.07518624671962293,5.2802,4.0781,0.13,0.19
39.10380268096924,5.266972906244996,4.03356457289871,0.031327093755003865,0.060935427101290074,5.2983,4.0945,0.14,0.18
39.20413947105408,5.27868966789013,4.044839543802763,0.03771033210986996,0.06616045619723643,5.3164,4.111,0.14,0.18
39.35136914253235,5.285604569547904,4.052285302029881,0.04869543045209568,0.07551469797011912,5.3343,4.1278,0.14,0.18
39.47021412849426,5.313816188585242,4.083049296168497,0.03818381141475857,0.06175070383150327,5.352,4.1448,0.15,0.17
39.58930444717407,5.324986607596846,4.094288579624927,0.04461339240315443,0.06791142037507303,5.3696,4.1622,0.15,0.17
39.689483880996704,5.355053004388214,4.12618566020763,0.03194699561178549,0.05361433979236985,5.387,4.1798,0.16,0.18
39.78963279724121,5.366862541219473,4.138691101075222,0.0373374587805273,0.0592088989247781,5.4042,4.1979,0.16,0.18
39.9066379070282,5.400971864018555,4.172959727559278,0.02012813598144536,0.04324027244072148,5.4211,4.2162,0.15,0.18
40.02163863182068,5.413365697858819,4.185835489831573,0.02433430214118104,0.049064510168427056,5.4377,4.2349,0.15,0.18
40.15663027763367,5.41919385704663,4.192070153653619,0.034706142953369934,0.06182984634638089,5.4539,4.2539,0.15,0.18
40.270657539367676,5.446980337920105,4.218675592410218,0.022819662079895053,0.054524407589782165,5.4698,4.2732,0.14,0.17
40.398152351379395,5.457808166583285,4.229205935141991,0.027491833416714684,0.06359406485800889,5.4853,4.2928,0.14,0.17
40.510671615600586,5.488301377362516,4.256087176020405,0.012098622637484624,0.056612823979595106,5.500400000000001,4.3127,0.14,0.16
40.612879037857056,5.499334680166696,4.265245719059922,0.01576531983330476,0.06775428094007818,5.5151,4.333,0.14,0.16
40.72220158576965,5.503904578027815,4.269156323481958,0.02549542197218546,0.08434367651804209,5.529400000000001,4.3535,0.14,0.16
40.8238742351532,5.533706357040017,4.297285966942317,0.009493642959983895,0.07701403305768295,5.543200000000001,4.3743,0.15,0.17
40.93831729888916,5.546148200998846,4.309187528037327,0.010451799001153894,0.08621247196267312,5.5565999999999995,4.3954,0.15,0.17
41.05425190925598,5.550956580777777,4.313801619216282,0.018543419222222468,0.1029983807837187,5.5695,4.4168,0.15,0.17
41.19220423698425,5.580287036394779,4.347005868141989,0.00161296360522023,0.09149413185801158,5.581899999999999,4.4385,0.17,0.16
41.30808877944946,5.591033780423471,4.357734639091015,0.0027662195765287834,0.10276536090898425,5.5938,4.4605,0.17,0.16
41.408206939697266,5.594108872980326,4.360861750724227,0.011091127019674296,0.12183824927577369,5.6052,4.4827,0.17,0.16
41.50839877128601,5.620893526301559,4.390753372938817,-0.004793526301559936,0.11444662706118347,5.616099999999999,4.5052,0.18,0.14
41.62565898895264,5.632619573588772,4.402262076851361,-0.00611957358877202,0.1257379231486384,5.6265,4.528,0.18,0.14
41.75569748878479,5.659736490500107,4.439294563557688,-0.023336490500106777,0.11160543644231247,5.6364,4.5509,0.21,0.13
41.893810749053955,5.6721309316630215,4.453239429205528,-0.026430931663021795,0.12086057079447166,5.6457,4.5741,0.21,0.13
42.04093861579895,5.694930977516086,4.493333173122719,-0.0404309775160856,0.10416682687728152,5.6545000000000005,4.5975,0.24,0.11
42.17256736755371,5.70384108846439,4.5067463163099015,-0.04094108846438971,0.11425368369009892,5.6629000000000005,4.621,0.24,0.11
42.29500985145569,5.718491197258239,4.551068631446842,-0.047791197258239215,0.09373136855315778,5.6707,4.6448,0.25,0.09
42.41093301773071,5.723905774466249,4.566728569688425,-0.04580577446624812,0.10187143031157486,5.678100000000001,4.6686,0.25,0.09
42.511921882629395,5.724564117595768,4.57216641632778,-0.03946411759576751,0.12053358367221989,5.6851,4.6927,0.25,0.09
42.63545107841492,5.737914235368117,4.614637091496123,-0.04631423536811763,0.10216290850387733,5.691599999999999,4.7168,0.25,0.07
42.74544715881348,5.741710349651823,4.629453105516042,-0.0439103496518225,0.11154689448395771,5.697800000000001,4.741,0.25,0.07
42.858421325683594,5.754091383089191,4.676240571650498,-0.050491383089191544,0.08905942834950231,5.7036,4.7653,0.25,0.06
42.9824857711792,5.759831150515505,4.693840757407887,-0.05063115051550593,0.09585924259211254,5.709199999999999,4.7897,0.25,0.06
43.10201668739319,5.772310494492684,4.741803523136147,-0.05781049449268494,0.07229647686385299,5.714499999999999,4.8141,0.26,0.07
43.22414970397949,5.777753941370878,4.76053066409366,-0.05815394137087804,0.07796933590633959,5.7196,4.8385,0.26,0.07
43.33815002441406,5.787507342030213,4.809077995805213,-0.0629073420302122,0.053922004194787654,5.724600000000001,4.863,0.24,0.05
43.45425510406494,5.790535660334329,4.826687009718539,-0.061035660334328945,0.06081299028146159,5.7295,4.8875,0.24,0.05
43.5748233795166,5.7974486780784265,4.872911873826443,-0.06314867807842717,0.03918812617355627,5.734299999999999,4.9121,0.22,0.04
43.69748568534851,5.799328143811957,4.890031589353834,-0.06012814381195675,0.04656841064616657,5.7392,4.9366,0.22,0.04
43.79783010482788,5.79820463607078,4.896186201552017,-0.05420463607078041,0.06491379844798306,5.744,4.9611,0.22,0.04
43.92916560173035,5.800329078538352,4.898993346206148,-0.05132907853835178,0.08660665379385168,5.7490000000000006,4.9856,0.19,0.04
44.04518151283264,5.804537716870933,4.936997576270189,-0.05053771687093356,0.07310242372981168,5.754,5.0101,0.19,0.04
44.16252684593201,5.80623174286818,4.9514444594698315,-0.04693174286818014,0.08305554053016895,5.7593,5.0345,0.19,0.04
44.27670931816101,5.81285436714548,4.99054824472575,-0.04815436714548049,0.06835175527425008,5.7646999999999995,5.0589,0.18,0.04
44.39861011505127,5.815455488682236,5.0055186105491885,-0.045055488682235634,0.07778138945081192,5.7704,5.0833,0.18,0.04
44.51435112953186,5.81602754871118,5.011105923205629,-0.039727548711178784,0.09639407679437095,5.776300000000001,5.1075,0.18,0.04
44.63012647628784,5.821938842983136,5.04702099785056,-0.03943884298313538,0.0847790021494399,5.782500000000001,5.1318,0.2,0.05
44.73054265975952,5.823910231246481,5.060798708658756,-0.03481023124648175,0.09510129134124412,5.7890999999999995,5.1559,0.2,0.05
44.830835580825806,5.824652610426195,5.066034225734824,-0.028652610426195935,0.11386577426517608,5.795999999999999,5.1799,0.2,0.06
44.94679808616638,5.8337093857339095,5.103623693038753,-0.03040938573390939,0.10017630696124691,5.8033,5.2038,0.2,0.06
45.047080516815186,5.835969958626525,5.1175362401874525,-0.024869958626525523,0.11006375981254735,5.8111,5.2276,0.22,0.07
45.16304111480713,5.849740650887864,5.16049503469963,-0.03054065088786384,0.09070496530036998,5.8192,5.2512,0.22,0.07
45.30098032951355,5.8696678853686866,5.216710596614215,-0.04176788536868692,0.05798940338578529,5.8279,5.2747,0.23,0.09
45.43254208564758,5.877189535133736,5.2388360385387465,-0.04018953513373624,0.05906396146125381,5.837,5.2979,0.23,0.09
45.576454639434814,5.881094912803391,5.247640081708864,-0.034494912803390676,0.07335991829113553,5.8466000000000005,5.321,0.23,0.09
45.70206069946289,5.89409846436979,5.289372033222111,-0.03739846436979022,0.05452796677788907,5.8567,5.3439,0.22,0.09
45.8023247718811,5.896468028520419,5.304322572595435,-0.029068028520419453,0.06217742740456522,5.8674,5.3665,0.22,0.09
45.918386936187744,5.898676212702163,5.310543296711566,-0.020176212702161855,0.07825670328843337,5.878500000000001,5.3888,0.22,0.09
46.01853346824646,5.912394754383258,5.345631530931477,-0.02209475438325814,0.06526846906852324,5.8903,5.4109,0.19,0.09
46.11880970001221,5.916478959691592,5.3589756229275425,-0.013978959691591797,0.07372437707245716,5.9025,5.4327,0.19,0.09
46.21916151046753,5.918037612618902,5.364052303742404,-0.002837612618901808,0.09004769625759668,5.9152000000000005,5.4541,0.19,0.09
46.36592125892639,5.935532881595291,5.398389295446806,-0.007132881595291352,0.07651070455319431,5.9284,5.4749,0.18,0.09
46.50383114814758,5.953415662355714,5.442404493272174,-0.011515662355713552,0.05289550672782628,5.9419,5.4953,0.19,0.1
46.62234878540039,5.959334841352995,5.458856726492003,-0.0034348413529956545,0.05634327350799673,5.9559,5.5152,0.19,0.1
46.73538899421692,5.961195147964262,5.464894305663462,0.00920485203573751,0.06980569433653816,5.9704,5.5347,0.19,0.1
46.83699059486389,5.978638430274641,5.500746154218104,0.006561569725359817,0.05295384578189566,5.985200000000001,5.5537,0.2,0.12
46.95156192779541,5.986633358380812,5.515739873573649,0.013866641619189046,0.05656012642635133,6.000500000000001,5.5723,0.2,0.12
47.05180597305298,6.00625021850628,5.5560577470974275,0.009949781493719279,0.03434225290257231,6.0161999999999995,5.5904,0.18,0.12
47.16745448112488,6.0139914228309586,5.572090541222095,0.018308577169040774,0.0360094587779054,6.032299999999999,5.6081,0.18,0.12
47.267759799957275,6.015893328846157,5.577484541051415,0.03290667115384327,0.04791545894858462,6.0488,5.6254,0.18,0.12
47.36797022819519,6.035948162916263,5.61452392296114,0.029751837083736632,0.02777607703885998,6.0657,5.6423,0.18,0.14
47.50570774078369,6.046112429671655,5.631362925783101,0.03678757032834579,0.027437074216899227,6.0829,5.6588,0.18,0.14
47.606064319610596,6.047444094230901,5.635778204778859,0.053055905769099354,0.03912179522114112,6.1005,5.6749,0.18,0.14
47.706366539001465,6.069385212014029,5.667988380554993,0.049014787985970365,0.02261161944500678,6.118399999999999,5.6906,0.16,0.16
47.806451082229614,6.076952271651848,5.680985293547651,0.059647728348151574,0.0250147064523496,6.1366,5.706,0.16,0.16
47.922006130218506,6.080759656970401,5.686859019614365,0.07444034302959945,0.03404098038563497,6.155200000000001,5.7209,0.16,0.16
48.037524938583374,6.1097654865764515,5.717811498894582,0.06423451342354802,0.017688501105418197,6.1739999999999995,5.7355,0.14,0.19
48.13783025741577,6.119096896294817,5.729788218239982,0.07400310370518248,0.020011781760017833,6.193099999999999,5.7498,0.14,0.19
48.23805332183838,6.122641290039477,5.73433718596238,0.0898587099605237,0.02936281403762031,6.2125,5.7637,0.13,0.22
48.3385124206543,6.155048765374764,5.7657417758341065,0.07715123462523632,0.011558224165893805,6.232200000000001,5.7773,0.13,0.22
48.45444369316101,6.168135011061817,5.7789681546446285,0.08386498893818395,0.011631845355371873,6.252000000000001,5.7906,0.13,0.22
48.5547776222229,6.172340655410882,5.782700312291821,0.09975934458911784,0.020799687708178638,6.2721,5.8035,0.13,0.22
48.67025709152222,6.209930418743766,5.811846203349084,0.08246958125623483,0.004353796650915953,6.292400000000001,5.8162,0.12,0.24
48.78628754615784,6.223792544986841,5.823840383893389,0.08910745501315986,0.00475961610661102,6.312900000000001,5.8286,0.12,0.24
48.90826678276062,6.268565522795326,5.851818034666651,0.0650344772046747,-0.011118034666650622,6.333600000000001,5.8407,0.1,0.26
49.0242977142334,6.28440330071413,5.862779240220903,0.07009669928586959,-0.010179240220903552,6.3545,5.8526,0.1,0.26
49.13984942436218,6.330977658352988,5.889523831612045,0.04452234164701263,-0.025323831612044323,6.375500000000001,5.8642,0.09,0.27
49.25527739524841,6.348218585304337,5.9001049855550525,0.048381414695662706,-0.024504985555052095,6.396599999999999,5.8756,0.09,0.27
49.37416696548462,6.394567093821744,5.923474500809331,0.023332906178255897,-0.036674500809330546,6.4178999999999995,5.8868,0.07,0.25
49.50912117958069,6.411692195385966,5.932943635197108,0.027607804614033782,-0.035243635197107714,6.439299999999999,5.8977,0.07,0.25
49.609254121780396,6.417261124137709,5.933276630315632,0.04353887586229188,-0.02477663031563182,6.460800000000001,5.9085,0.07,0.25
49.72516489028931,6.4546872677527265,5.9493278986465965,0.02781273224727343,-0.030227898646596252,6.4825,5.9191,0.05,0.22
49.8254292011261,6.467716496321074,5.952808799452095,0.03648350367892661,-0.023308799452094853,6.504200000000001,5.9295,0.05,0.22
49.92576503753662,6.472671358294223,5.954140222216116,0.053328641705777,-0.01424022221611665,6.526,5.9399,0.05,0.22
50.0261754989624,6.51058182525623,5.966773974953409,0.03721817474377076,-0.0166739749534095,6.5478000000000005,5.9501,0.04,0.21
50.14166235923767,6.524852142806284,5.97238596320721,0.04484785719371498,-0.012085963207209893,6.569699999999999,5.9603,0.04,0.21
50.25757384300232,6.530278315416194,5.974548238828145,0.06142168458380581,-0.004148238828145523,6.5916999999999994,5.9704,0.04,0.21
50.38914251327515,6.56944301410926,5.987863219709777,0.044256985890739564,-0.007463219709777036,6.6137,5.9804,0.04,0.21
50.501736879348755,6.583994346920089,5.991419600671806,0.05170565307991115,-0.0010196006718059536,6.6357,5.9904,0.04,0.21
50.62714409828186,6.6255262886378095,6.007407984805389,0.03227371136219048,-0.007007984805388112,6.6578,6.000400000000001,0.06,0.2
50.74290132522583,6.642009367627904,6.0122738159101266,0.03779063237209623,-0.001973815910125687,6.6798,6.010300000000001,0.06,0.2
50.84316849708557,6.681823163284389,6.02914137970778,0.020076836715611,-0.009041379707780628,6.7019,6.020099999999999,0.07,0.2
50.96043801307678,6.697798524949305,6.036835015703997,0.026201475050695144,-0.006835015703997804,6.724,6.029999999999999,0.07,0.2
51.07487487792969,6.703789344612674,6.0395421841299815,0.042410655387326024,0.0002578158700181632,6.7462,6.0398,0.07,0.2
51.21296453475952,6.734151797908886,6.058128978013858,0.03414820209111369,-0.008528978013858435,6.7683,6.0496,0.07,0.17
51.31324505805969,6.744646295846587,6.061192818106368,0.045853704153413055,-0.0017928181063675552,6.7905,6.0594,0.07,0.17
51.444804430007935,6.749460768307621,6.064351088793644,0.06313923169237867,0.004848911206356554,6.8126,6.0692,0.07,0.16
51.56394076347351,6.777295386070188,6.079608678989119,0.057504613929811654,-0.0006086789891179833,6.8347999999999995,6.079000000000001,0.07,0.16
51.691977977752686,6.7880960217246065,6.085933315915986,0.06890397827539285,0.0028666840840152474,6.856999999999999,6.088800000000001,0.07,0.16
51.81505274772644,6.82059910678306,6.105158803973251,0.05860089321694062,-0.006658803973251359,6.879200000000001,6.0985,0.08,0.18
51.928065061569214,6.8330894768113,6.112706645172964,0.06831052318870068,-0.004406645172964296,6.901400000000001,6.1083,0.08,0.18
52.04847526550293,6.8681646666202365,6.133464418249845,0.05543533337976392,-0.01536441824984447,6.9236,6.1181,0.09,0.2
52.16047692298889,6.881645534104334,6.141624397712327,0.06415446589566631,-0.013824397712326686,6.9458,6.127800000000001,0.09,0.2
52.285476207733154,6.917824272576069,6.163535800524725,0.05017572742393117,-0.02593580052472433,6.968,6.137600000000001,0.08,0.2
52.411508560180664,6.931107636783677,6.171924490915413,0.0590923632163225,-0.024524490915413644,6.9902,6.147399999999999,0.08,0.2
52.53178644180298,6.935972747804646,6.17467625300155,0.07642725219535329,-0.017576253001550413,7.0123999999999995,6.1571,0.08,0.2
52.64771509170532,6.967903539398697,6.190340710082038,0.0666964606013023,-0.02344071008203752,7.034599999999999,6.1669,0.07,0.2
52.748066663742065,6.9791686734038025,6.195117660930933,0.07763132659619831,-0.018417660930932556,7.056800000000001,6.1767,0.07,0.2
52.84834885597229,7.015503367356128,6.210548346197609,0.06349663264387306,-0.02414834619760864,7.079000000000001,6.186400000000001,0.07,0.21
52.96425437927246,7.029739982421298,6.218031679373415,0.07136001757870236,-0.02193167937341567,7.101100000000001,6.1960999999999995,0.07,0.21
53.064617395401,7.034734773347159,6.219647149586976,0.08836522665284186,-0.01384714958697586,7.123100000000001,6.2058,0.07,0.21
53.16485857963562,7.068972804356995,6.235207058709062,0.07602719564300475,-0.019707058709061087,7.145,6.2155000000000005,0.07,0.22
53.26515245437622,7.081993067000114,6.241509447502284,0.08480693299988662,-0.016509447502284225,7.1668,6.225,0.07,0.22
53.36552405357361,7.086946157847674,6.243912431004804,0.10135384215232612,-0.0094124310048036,7.1883,6.234500000000001,0.07,0.22
53.468427658081055,7.125043711415909,6.260215023779194,0.08465628858409069,-0.01631502377919425,7.2097,6.2439,0.07,0.23
53.58141279220581,7.139799513831091,6.267675989045817,0.09100048616890977,-0.014475989045817705,7.2308,6.2532,0.07,0.23
53.68314242362976,7.184255444035054,6.285526058775856,0.06744455596494525,-0.023126058775856606,7.2517,6.2623999999999995,0.08,0.25
53.819838523864746,7.202619662481656,6.296365029871847,0.0696803375183439,-0.024865029871847355,7.2722999999999995,6.2715,0.08,0.25
53.92009520530701,7.20847859864247,6.297062696144724,0.08422140135752976,-0.01656269614472361,7.2927,6.2805,0.08,0.25
54.05124640464783,7.2513130109224715,6.315659699608565,0.06148698907752781,-0.026359699608564213,7.312799999999999,6.289300000000001,0.08,0.25
54.1667754650116,7.267077436224108,6.321246818337919,0.06552256377589138,-0.023146818337918873,7.332599999999999,6.2981,0.08,0.25
54.297993898391724,7.3116952527916155,6.337315122490214,0.040404747208384606,-0.030615122490214475,7.3521,6.306699999999999,0.07,0.24
54.42003536224365,7.327867113542661,6.342085031975409,0.04343288645733878,-0.02698503197540969,7.3713,6.315099999999999,0.07,0.24
54.520325899124146,7.372322160387666,6.357130775540238,0.0178778396123338,-0.03373077554023851,7.3902,6.3233999999999995,0.07,0.23
54.6360878944397,7.3896382479586915,6.363809489433835,0.019161752041307878,-0.032209489433834726,7.408799999999999,6.3316,0.07,0.23
54.75328040122986,7.396251904965882,6.3664667118996014,0.030748095034117462,-0.026766711899600892,7.427,6.339700000000001,0.07,0.23
54.86781716346741,7.434466719365237,6.384642622079882,0.010433280634763342,-0.03704262207988229,7.4449000000000005,6.3476,0.07,0.21
54.96820402145386,7.448596678566708,6.389558041263378,0.013903321433292426,-0.03425804126337795,7.4625,6.3553,0.07,0.21
55.08684229850769,7.454452265372935,6.392866081489655,0.025347734627064078,-0.02996608148965496,7.479799999999999,6.3629,0.07,0.18
55.19927477836609,7.4911671742155015,6.409508460180038,0.005532825784499096,-0.039108460180037774,7.496700000000001,6.3704,0.07,0.18
55.32178735733032,7.505382355434679,6.416510508789953,0.00761764456532088,-0.03881050878995218,7.513,6.377700000000001,0.07,0.18
55.437400579452515,7.510594293157221,6.418702065766804,0.01940570684277798,-0.03380206576680411,7.529999999999999,6.3849,0.05,0.17
55.568971395492554,7.545050019060351,6.434909678859861,-5.00190603514028e-05,-0.04300967885986129,7.545,6.3919,0.05,0.17
55.66931939125061,7.557509624806268,6.439062157269022,0.003490375193732298,-0.04026215726902205,7.561,6.3988,0.05,0.17
55.78525900840759,7.590406712813476,6.45173444119879,-0.014406712813475053,-0.046134441198789844,7.5760000000000005,6.4056,0.04,0.15
55.88556790351868,7.602215988592441,6.454784244215547,-0.011215988592441661,-0.042584244215547074,7.590999999999999,6.4122,0.04,0.15
56.02370882034302,7.607280069081382,6.458066462368262,-0.001280069081381896,-0.03946646236826279,7.606,6.4186,0.04,0.15
56.12403202056885,7.6345211348319495,6.465972492654566,-0.014521134831950278,-0.041072492654566695,7.619999999999999,6.424899999999999,0.03,0.13
56.25574231147766,7.644860267022664,6.469746419025954,-0.010860267022663628,-0.03864641902595345,7.634,6.431100000000001,0.03,0.13
56.38852906227112,7.670034705587687,6.479839471116299,-0.022034705587687498,-0.04263947111629829,7.648,6.437200000000001,0.04,0.11
56.50999307632446,7.6799045361605645,6.482193142754315,-0.018904536160564867,-0.0390931427543153,7.661,6.443099999999999,0.04,0.11
56.62579894065857,7.702862076758395,6.494637404667316,-0.02886207675839536,-0.04583740466731534,7.6739999999999995,6.4488,0.04,0.1
56.75740027427673,7.711820888712361,6.499514850250918,-0.024820888712361544,-0.04501485025091867,7.686999999999999,6.4544999999999995,0.04,0.1
56.9041268825531,7.733381302193276,6.510374454287288,-0.03338130219327695,-0.050374454287287485,7.699999999999999,6.460000000000001,0.04,0.09
57.02659368515015,7.741169541003711,6.5131138391649746,-0.029169541003711608,-0.04771383916497385,7.712,6.465400000000001,0.04,0.09
57.14224982261658,7.744021173162824,6.513925838903512,-0.02002117316282348,-0.04332583890351316,7.724,6.470599999999999,0.04,0.09
57.24247717857361,7.761499108420789,6.522607626216498,-0.026499108420789952,-0.04680762621649848,7.734999999999999,6.4758,0.03,0.08
57.34287405014038,7.767764201768404,6.525532888759366,-0.020764201768404433,-0.04473288875936543,7.747,6.4808,0.03,0.08
57.47413396835327,7.770496527838583,6.527570111489585,-0.012496527838584015,-0.04187011148958586,7.757999999999999,6.4857,0.03,0.08
57.60815906524658,7.784921999493005,6.53887952619147,-0.015921999493004435,-0.048479526191470335,7.769,6.490399999999999,0.03,0.07
57.72778272628784,7.790223717195786,6.542279406088382,-0.01122371719578652,-0.04717940608838145,7.779,6.495100000000001,0.03,0.07
57.85891270637512,7.792365483419429,6.543870934506602,-0.003365483419429438,-0.0442709345066028,7.789,6.499599999999999,0.03,0.07
57.974889278411865,7.806286509742124,6.5531946628883855,-0.007286509742124636,-0.049094662888386154,7.7989999999999995,6.504099999999999,0.03,0.08
58.10594081878662,7.811743778404619,6.557627480326453,-0.00274377840461959,-0.04922748032645341,7.808999999999999,6.5084,0.03,0.08
58.22849798202515,7.82757610524417,6.5682750934879,-0.008576105244169518,-0.05567509348789912,7.819000000000001,6.512600000000001,0.03,0.09
58.34448504447937,7.833506757012269,6.572557791921849,-0.0055067570122693255,-0.05585779192184859,7.827999999999999,6.5167,0.03,0.09
58.44469976425171,7.835579434020345,6.573651547001377,0.0014205659796546755,-0.05295154700137772,7.837,6.5207,0.03,0.1
58.576244831085205,7.850559905506426,6.584092878809713,-0.004559905506425821,-0.059492878809713545,7.846,6.5245999999999995,0.03,0.1
58.69178819656372,7.870213619899693,6.594657193634915,-0.01521361989969261,-0.06625719363491545,7.855,6.5283999999999995,0.02,0.11
58.792033195495605,7.8771156955450055,6.598473765923586,-0.014115695545005913,-0.06637376592358635,7.8629999999999995,6.5321,0.02,0.11
58.92997741699219,7.896449266320405,6.60642410078599,-0.025449266320404895,-0.0706241007859898,7.871,6.5358,0.01,0.12
59.03027105331421,7.903100155852692,6.608265866138907,-0.024100155852692318,-0.06896586613890587,7.879,6.539300000000001,0.01,0.12
59.13041567802429,7.905626972585682,6.6089620930953625,-0.018626972585681578,-0.06626209309536257,7.8870000000000005,6.5427,0.01,0.12
59.2462272644043,7.906647221508148,6.60993199069505,-0.012647221508148121,-0.06383199069505086,7.894,6.546099999999999,0.01,0.12
59.346598386764526,7.922546135916013,6.612773260866171,-0.020546135916013952,-0.06347326086617056,7.901999999999999,6.549300000000001,0.0,0.11
59.477935791015625,7.9282179587459325,6.614747306374849,-0.019217958745931796,-0.06224730637484921,7.909000000000001,6.5525,0.0,0.11
59.609347105026245,7.944505504666666,6.6201502548369575,-0.028505504666665793,-0.06455025483695742,7.916,6.5556,0.0,0.11
59.731956005096436,7.950676574810265,6.6218370175439345,-0.027676574810264754,-0.06323701754393429,7.923,6.5586,0.0,0.11
59.832149505615234,7.953014797801933,6.62155544037243,-0.024014797801933163,-0.06005544037242938,7.929,6.5615000000000006,0.01,0.11
59.94821262359619,7.9708270498527725,6.629803624746298,-0.03482704985277252,-0.06540362474629902,7.936,6.564399999999999,0.01,0.11
60.07970833778381,7.977655161862688,6.63357005679494,-0.03565516186268791,-0.06637005679494035,7.942,6.5672,0.01,0.11
60.1956672668457,7.995900716591519,6.639527769657946,-0.047900716591518844,-0.06962776965794593,7.948,6.5699000000000005,0.01,0.11
60.314754009246826,8.002839082273768,6.6419192951977,-0.04883908227376743,-0.06941929519769996,7.954000000000001,6.5725,0.01,0.11
60.43369174003601,8.019767344524492,6.647604037746899,-0.059767344524491506,-0.0725040377468984,7.960000000000001,6.575100000000001,0.0,0.1
60.54963445663452,8.025740336415243,6.649198283938547,-0.05974033641524379,-0.07159828393854628,7.965999999999999,6.5776,0.0,0.1
60.680747985839844,8.028010013478129,6.650369461950899,-0.05701001347812884,-0.07036946195089921,7.971,6.58,0.0,0.1
60.78100943565369,8.043634681391318,6.653018209577477,-0.06663468139131723,-0.07061820957747678,7.977,6.5824,0.0,0.09
60.89696717262268,8.0495769431461,6.654175579058598,-0.06757694314610063,-0.06947557905859814,7.981999999999999,6.5847,0.0,0.09
60.997416257858276,8.065025440386918,6.658082590825264,-0.07802544038691828,-0.07118259082526368,7.987,6.5869,0.0,0.07
61.112887382507324,8.070902466370852,6.65919939746835,-0.07890246637085063,-0.0700993974683497,7.992000000000001,6.5891,0.0,0.07
61.235381841659546,8.083522407634923,6.663958327380455,-0.08652240763492358,-0.07265832738045486,7.997,6.5913,0.0,0.05
61.36774945259094,8.088314462515937,6.665018250586354,-0.08731446251593766,-0.07171825058635495,8.001,6.593299999999999,0.0,0.05
61.482709884643555,8.090129335956656,6.665095239132413,-0.08412933595665528,-0.06979523913241348,8.006,6.5953,0.0,0.05
61.58307766914368,8.09968218349701,6.670841259055168,-0.0896821834970094,-0.07354125905516717,8.01,6.597300000000001,0.0,0.04
61.70204758644104,8.10331682979179,6.672924793882176,-0.08831682979178979,-0.07372479388217634,8.015,6.5992,0.0,0.04
61.81450271606445,8.104696411724264,6.673617759358886,-0.08569641172426401,-0.07251775935888549,8.019,6.601100000000001,0.0,0.03
61.937029123306274,8.114570740103385,6.676998986115585,-0.09157074010338562,-0.07409898611558496,8.023,6.6029,0.0,0.03
62.03715515136719,8.11831373926411,6.678029210324065,-0.0913137392641108,-0.07342921032406569,8.027,6.6046,0.0,0.03
62.15312933921814,8.127379922491086,6.678159638360046,-0.09637992249108507,-0.0718596383600465,8.031,6.606299999999999,-0.01,0.01
62.270812034606934,8.130376689415556,6.677334458827449,-0.0963766894155551,-0.06933445882744849,8.034,6.6080000000000005,-0.01,0.01
62.38485383987427,8.131527805862305,6.6770076168620385,-0.0935278058623048,-0.06740761686203811,8.038,6.6096,-0.01,0.01
62.5003023147583,8.13645548440219,6.67691717320604,-0.09445548440218943,-0.06571717320603998,8.042,6.6112,-0.01,0.0
62.63836455345154,8.13824494040132,6.676443829082927,-0.09324494040131981,-0.06374382908292642,8.045,6.6127,-0.01,0.0
62.73884057998657,8.139061895603161,6.676264826259154,-0.09106189560316125,-0.06206482625915388,8.048,6.6142,-0.01,0.0
62.83898878097534,8.140654661041312,6.677776120592409,-0.08865466104131237,-0.0620761205924083,8.052,6.6157,0.0,-0.01
62.970396995544434,8.141642695647253,6.677853388309556,-0.08664269564725302,-0.060753388309555234,8.055,6.617100000000001,0.0,-0.01
63.10172891616821,8.14154609505759,6.679091305296177,-0.08354609505759036,-0.060691305296177944,8.058,6.618399999999999,0.0,-0.01
63.21776223182678,8.141509507559112,6.679617131171929,-0.08050950755911224,-0.059817131171929105,8.061,6.6198,0.0,-0.01
63.33970928192139,8.140809143819345,6.6814539395296535,-0.07680914381934478,-0.06035393952965329,8.064,6.6211,0.0,-0.01
63.44007444381714,8.140543667630833,6.682230907876348,-0.0735436676308332,-0.059930907876348805,8.067,6.622299999999999,0.0,-0.01
63.57148861885071,8.1389980167603,6.684802342329689,-0.06999801676029982,-0.061202342329689685,8.069,6.6236,0.0,0.0
63.70299482345581,8.138411774710583,6.686276082746364,-0.06641177471058413,-0.06157608274636317,8.072,6.624700000000001,0.0,0.0
63.840797662734985,8.138189458597962,6.686834958112961,-0.06318945859796266,-0.06093495811296101,8.075,6.6259,0.0,0.0
63.95673751831055,8.138853257009126,6.690624999692727,-0.06185325700912614,-0.06362499969272672,8.077,6.627000000000001,0.0,0.0
64.0567524433136,8.13910496093958,6.692062135344411,-0.059104960939579954,-0.06396213534441131,8.08,6.6281,0.0,0.0
64.15692448616028,8.14365000606662,6.693104884957654,-0.06165000606661941,-0.0639048849576529,8.082,6.629200000000001,0.0,0.02
64.27306127548218,8.145379602263493,6.694383781090246,-0.060379602263491705,-0.0641837810902457,8.085,6.6302,0.0,0.02
64.38927626609802,8.146036511086912,6.694869833130156,-0.05903651108691221,-0.06366983313015595,8.087,6.6312,0.0,0.02
64.5097382068634,8.151005587055792,6.696823384927408,-0.06200558705579162,-0.06462338492740916,8.089,6.632199999999999,0.0,0.03
64.6214952468872,8.15289069295286,6.697923875240702,-0.061890692952861315,-0.064723875240702,8.091,6.6332,0.0,0.03
64.74257302284241,8.158480456035164,6.702264506634601,-0.06548045603516428,-0.06816450663460127,8.093,6.6341,0.01,0.03
64.84274864196777,8.160980598047294,6.703675519847271,-0.06598059804729317,-0.06867551984727083,8.095,6.635,0.01,0.03
64.95865178108215,8.161990731620465,6.704389507935802,-0.06499073162046543,-0.06848950793580233,8.097,6.6358999999999995,0.01,0.03
65.07457661628723,8.162374343951372,6.704660593536877,-0.06337434395137187,-0.0678605935368779,8.099,6.636799999999999,0.0,0.03
65.19048070907593,8.165603255360416,6.71208221236396,-0.06460325536041545,-0.07448221236395902,8.101,6.637600000000001,0.0,0.03
65.306396484375,8.166829239073307,6.714900247639861,-0.06382923907330706,-0.07650024763985996,8.103,6.638400000000001,0.0,0.03
65.44446754455566,8.167951659219751,6.723469248968249,-0.06295165921975077,-0.08426924896824861,8.105,6.639200000000001,0.0,0.03
65.54484677314758,8.16837611255197,6.726287798330239,-0.06237611255196995,-0.08638779833023857,8.106,6.639900000000001,0.0,0.03
65.67642331123352,8.168537655329517,6.7277111528855755,-0.06053765532951694,-0.08701115288557482,8.108,6.640700000000001,0.0,0.03
65.79236268997192,8.16847817086621,6.733740759956195,-0.05847817086621099,-0.09234075995619406,8.11,6.641400000000001,0.0,0.03
65.90834069252014,8.16845559199344,6.736030235223317,-0.05745559199344008,-0.09393023522331756,8.111,6.642099999999999,0.0,0.03
66.00859451293945,8.169418815133968,6.739543042646155,-0.05641881513396818,-0.09674304264615596,8.113,6.642799999999999,-0.03,0.04
66.10889172554016,8.16864084097285,6.74126058077362,-0.0546408409728496,-0.09776058077362038,8.114,6.6434999999999995,-0.03,0.04
66.20920944213867,8.168344744254638,6.741914029691975,-0.05234474425463809,-0.09781402969197472,8.116,6.6441,-0.03,0.04
66.3095269203186,8.171549032353632,6.7416542219387035,-0.05454903235363062,-0.09695422193870318,8.117,6.6447,-0.04,0.06
66.4471914768219,8.171829894955758,6.743156506003362,-0.052829894955758405,-0.09785650600336115,8.119,6.645300000000001,-0.04,0.06
66.58730792999268,8.171901738791485,6.743778058872607,-0.05190173879148574,-0.09787805887260781,8.12,6.645899999999999,-0.04,0.06
66.70130825042725,8.176103796961117,6.7409930108610565,-0.05510379696111656,-0.09449301086105688,8.121,6.6465,-0.05,0.06
66.81627798080444,8.184925086327492,6.733324230259788,-0.06192508632749316,-0.08622423025978776,8.123,6.6471,-0.06,0.08
66.94527912139893,8.187526345323008,6.731702457106171,-0.06352634532300705,-0.08410245710617037,8.124,6.647600000000001,-0.06,0.08
67.08228063583374,8.198676655170557,6.723778875256304,-0.07367665517055677,-0.07567887525630468,8.125,6.6480999999999995,-0.07,0.08
67.1973123550415,8.202949840013702,6.720126513250242,-0.07694984001370209,-0.07142651325024207,8.126,6.6487,-0.07,0.08
67.31128311157227,8.214821877275503,6.710904483896005,-0.08782187727550195,-0.0617044838960048,8.127,6.6492,-0.06,0.07
67.43832635879517,8.219473656053122,6.707308505761598,-0.09147365605312174,-0.057708505761598694,8.128,6.6495999999999995,-0.06,0.07
67.56367754936218,8.221276620236777,6.705899592584918,-0.09227662023677752,-0.05579959258491751,8.129,6.6501,-0.04,0.05
67.69521808624268,8.229239031629476,6.698964780777863,-0.0992390316294749,-0.048364780777862215,8.13,6.650600000000001,-0.04,0.05
67.81113243103027,8.23248767084222,6.6960471428633666,-0.10148767084221966,-0.04504714286336675,8.131,6.651,-0.04,0.05
67.92713260650635,8.234767160145577,6.69121502140921,-0.10276716014557685,-0.03971502140920968,8.132,6.6515,-0.02,0.03
68.04878497123718,8.236471756815211,6.688562084612262,-0.10347175681521215,-0.036662084612262724,8.133,6.6518999999999995,-0.02,0.03
68.16437077522278,8.237514021938264,6.684368704657615,-0.10351402193826331,-0.03206870465761469,8.134,6.6523,0.0,0.01
68.28015279769897,8.238787385141414,6.681899779373832,-0.10378738514141439,-0.029199779373832335,8.135,6.652699999999999,0.0,0.01
68.39610505104065,8.23927086904198,6.680962992906225,-0.1032708690419799,-0.027862992906224626,8.136,6.6531,0.0,0.01
68.51239967346191,8.238924380830793,6.681143375643234,-0.10192438083079303,-0.027643375643235046,8.137,6.653499999999999,0.01,0.0
68.64995813369751,8.239313866399886,6.680769853827733,-0.10131386639988627,-0.026969853827732315,8.138,6.6538,0.01,0.0
68.79829216003418,8.239501115668897,6.680628201947753,-0.10050111566889797,-0.02642820194775375,8.139,6.6541999999999994,0.01,0.0
68.95093178749084,8.239751336229666,6.685675340454372,-0.10075133622966703,-0.031175340454371536,8.139,6.6545000000000005,0.03,0.0
69.06672358512878,8.240588061400349,6.687579315391205,-0.10058806140034804,-0.0326793153912055,8.14,6.6549,0.03,0.0
69.18265390396118,8.241016986571607,6.696271719817441,-0.10001698657160674,-0.041071719817439956,8.141,6.655200000000001,0.04,0.0
69.29870104789734,8.241621894044732,6.699571693403437,-0.09962189404473243,-0.04407169340343664,8.142,6.6555,0.04,0.0
69.45238447189331,8.242410616108282,6.7008275569856455,-0.10041061610828272,-0.0450275569856462,8.142,6.655799999999999,0.04,0.0
69.568359375,8.241402675818833,6.710784276978474,-0.09840267581883211,-0.05468427697847389,8.143,6.6561,0.04,0.0
69.68451642990112,8.241024363667437,6.714561532952002,-0.09702436366743683,-0.05816153295200266,8.144,6.6564,0.04,0.0
69.78491377830505,8.237980314488881,6.723038150045694,-0.09398031448888133,-0.06633815004569321,8.144,6.656700000000001,0.03,-0.01
69.91794776916504,8.236805098448542,6.725761602515446,-0.09180509844854257,-0.06876160251544583,8.145,6.657,0.03,-0.01
70.03391480445862,8.236168480566677,6.726857198581325,-0.0911684805666777,-0.06955719858132525,8.145,6.657299999999999,0.03,-0.01
70.16691303253174,8.231595413951398,6.733472719620915,-0.08559541395139725,-0.07597271962091412,8.146,6.657500000000001,0.02,-0.01
70.28391361236572,8.22924026534853,6.736038068279456,-0.08224026534852946,-0.07823806827945567,8.147,6.6578,0.02,-0.01
70.41092610359192,8.22299133352335,6.744928400619857,-0.07599133352334952,-0.08692840061985763,8.147,6.6579999999999995,0.0,-0.01
70.55366349220276,8.219654281530685,6.748245646649543,-0.07165428153068554,-0.08994564664954208,8.148,6.6583000000000006,0.0,0.0
70.66957116127014,8.215824536349485,6.755935407712443,-0.0678245363494856,-0.0974354077124433,8.148,6.6585,0.0,0.0
70.77014684677124,8.214372441588882,6.75885107474025,-0.06537244158888278,-0.10015107474025076,8.149,6.6587,0.0,0.0
70.87031650543213,8.212586422477447,6.760912035207968,-0.06358642247744761,-0.10191203520796766,8.149,6.659000000000001,-0.03,0.01
